Username,Comment
@CNN,Learn more about all of the CNN Heroes here https://www.cnn.com/world/heroes
@willb.danger6573,"Where's Zelenskyy & Hunter Biden?  How were they not finalists for the CNN Hero of the Year?  What a travesty!  If anyone needs an unrestricted 300k grant, especially in CNN's eyes, Zelenskyy and Huntie are the clear choices!"
@Zigest,I wouldn't accept an award from CNN
@Zigest,Bunch of fools
@ronblack215,Joe obumer ain't your hero
@ronblack215,CNN communist news network
@Tavosmother,I voted for him!!!!
@melaniesawyerr8969,What a wonderful human !â¤â¤ğŸ˜¢ğŸ˜¢
@phanna7492,Much respect to this true humanitarian.
@bbhorsefarm,ChangeğŸ˜‚From what
@michelecrumes4261,"Wow. Such an impactful and moving acceptance speech. Thank you for all you do for for pets , and for the people who love them. â¤"
@nicoledelprado1830,"I am happy crying!  Bless you Dr. Kwane, I have viewed many of your acts of kindness online.  Thank you for all that you continue to do!"
@h.e.pennypackerwealthyindu492,"I wonder if it was a white guy if heâ€™d have wonğŸ˜‚ğŸ˜‚same thing with the vice president, if she wasnâ€™t a woman whose skin color was dark how tf would that train wreck be vice president?"
@bonnieoliver219,Impactful!
@deborahbarnes6741,What an incredible man.â¤â¤â¤â¤â¤â¤â¤â¤â¤â¤â¤
@elviamorales3451,Wow perfectly said! Congrats. Can we get u to run for President please?
@jamiesanders7621,He is my hero too!!
@champanachampana4881,Magnificent!!
@gladysmercer2788,Congratulations!
@januszsliwa4055,Jewel nazi crime cartel and lies mashine is a unwatchable puke in the gutter.
@tinay9491,such wonderful award
@greysyena7952,What a heartfelt speech. What a kind person.
@cedricsportes3928,What a gentlemen
@corrinemartinez3126,"As a San Diegan, thank you for caring for our homeless community and their fur family â¤ we are so  proud ğŸ‘"
@ilovevag8437,Who da fuk is dis nobody?
@TwelveTribesForever,"Concerning the Harvard University president which is being targeted because the zionists don't like her.

She is suddenly being accused of plagiarism. This is a good thing. 

I urge CNN to call for a comprehensive review of all plagiarism and clean house. The same topic came up concerning Ursula von der Leyen (the President of the European Commission)."
@TonyFarley-gi2cv,So for as long as I know chicken pox hasn't made absolutely one progression out of chickenpox and he's doctors and he's researchers and these technology builders think they've made monumental steps forward and they think they can develop medication that continues to growth of a disease in the body they think they can tell an addict he don't understand what's going on in his body for why he thinks he likes certain feelings
@yancywest,"Cnn could learn a lot from this man. 
Unfortunately we all know they won't."
@iridefast1,CNN Heroes ğŸ˜‚
@dennyhleucka7786,"CNN is the worst, but hey if your brain dead carry onâ€¦"
@notrealcoby,SOOOO MUCH COMPASSION in this man a true hero â¤
@voodoo7953,"This is what the world needs now  , what a wonderful man â¤ï¸"
@bear1776.,Omg so thankful for you I just love you for what you do. You are a true hero to many people and their for babies â¤
@user-vr2kd2ns9t,è®“æˆ‘å€‘æ„Ÿå—å¤§è‡ªç„¶çš„ç„¡æ†‚ç„¡æ…®çš„é­…åŠ›ï¼Œå‚¾è½å¤§è‡ªç„¶çš„é­…åŠ›ï¼Œå®ƒå‰µé€ äº†ä¸€å¹…æ°¸é å­˜æ”¾åœ¨äººå€‘å¿ƒè£¡çš„å®Œç¾åœ–ç•«ï¼Œè®“æˆ‘å€‘ç”¨çœŸèª çš„å¿ƒæ„Ÿå—å¤§è‡ªç„¶ï¼Œç”¨æœŸå¾…ä¾†æ’«æ‘¸å¤§è‡ªç„¶ï¼Œè®“æˆ‘å€‘é¢å°å¤§è‡ªç„¶çš„é­…åŠ›ï¼Œå¤§è²é©•å‚²çš„å–Šå‡ºï¼šæˆ‘æ„›å¤§è‡ªç„¶!#ç¾å°å†›äº‹æ´åŠ©
@hnttakata713,"What a fine man, hu-man. A human, being."
@samartman3395,"""I could have easily been hero of the year...well...you know...if it wasn't for my damn bonespurs""..... Trump ğŸ˜‚ğŸ˜‚ğŸ˜‚ğŸ˜‚ğŸ˜‚ğŸ˜‚"
@cindythomas5895,Wow just remarkable!!!! Beautiful souls on that stage â¤
@debreale5236,"You are amazing, sir! Many thanks to ALL of you!"
@jamzdarren,Such wonderful Humanistic work and humbling acceptance. Keep up the good work! âœŒï¸ğŸ––
@edithdufoe853,"What a beautiful human being. He shows kindness , generosity and humanity. Congratulations to all the nominees. You make this world a much better place!"
@AvacaBaDido,Hommie got a clip on ty â¤
@53gardengnome,Bless you Dr. Stewart.  I watch your episodes whenever I can and I know street people and their 4 legged family members are so very lucky to have you.
@godoggo407,We need more of this man. â¤â¤â¤â¤
@Jonathan_Torres1992,"(Daniel 9:27 was fulfilled on August 13 2023 also when the woman began travailing in birth to fulfill the time of the gentiles for the mystery of Revelation 12 to be completed, Daniel 12:1 next, three riders released within 2020 and 2023. These words are true and worthy, he who has ears to hear let him hear, blessed is he who understands.)

*â€œAnd as he sat upon the mount of Olives, the disciples came unto him privately, saying, Tell us, when shall these things be? and what shall be the sign of thy coming, and of the end of the world?â€*
Gospel of Matthew, chapter 24, verse 3.

*â€œAnd he said, Take heed that ye be not deceived: for many shall come in my name, saying, I am Christ; and the time draweth near: go ye not therefore after them. But when ye shall hear of wars and commotions, be not terrified: for these things must first come to pass; but the end is not by and by. Then said he unto them, Nation shall rise against nation, and kingdom against kingdom: and great earthquakes shall be in divers places, and famines, and pestilences; and fearful sights and great signs shall there be from heaven.â€*
Gospel of Luke, chapter 21, verse 8 to 11.

*â€œAll these are the beginning of sorrows. Then shall they deliver you up to be afflicted, and shall kill you: and ye shall be hated of all nations for my name's sake. And then shall many be offended, and shall betray one another, and shall hate one another.â€*
Gospel of Matthew, chapter 24, verse 8 to 10.

*â€œAnd there shall be signs in the sun, and in the moon, and in the stars; and upon the earth distress of nations, with perplexity; the sea and the waves roaring; men's hearts failing them for fear, and for looking after those things which are coming on the earth: for the powers of heaven shall be shaken. And then shall they see the Son of man coming in a cloud with power and great glory. And when these things begin to come to pass, then look up, and lift up your heads; for your redemption draweth nigh.â€*
Gospel of Luke, chapter 21, verse 25 to 28.

*â€œFor God so loved the world, that he gave his only begotten Son, that whosoever believeth in him should not perish, but have everlasting life. For God sent not his Son into the world to condemn the world; but that the world through him might be saved. He that believeth on him is not condemned: but he that believeth not is condemned already, because he hath not believed in the name of the only begotten Son of God.â€*
Gospel of John, chapter 3, verse 16 to 18.

*â€œFor I delivered unto you first of all that which I also received, how that Christ died for our sins according to the scriptures; And that he was buried, and that he rose again the third day according to the scriptures: And that he was seen of Cephas, then of the twelve: After that, he was seen of above five hundred brethren at once; of whom the greater part remain unto this present, but some are fallen asleep.â€*
First Corinthians, chapter 15, verse 3 to 6.

*â€œRepent therefore of this thy wickedness, and pray God, if perhaps the thought of thine heart may be forgiven thee.â€*
Acts, chapter 8, verse 22.

*â€œJesus answered and said unto him, Verily, verily, I say unto thee, Except a man be born again, he cannot see the kingdom of God.â€*
Gospel of John, chapter 3, verse 3.

*â€œFrom that time Jesus began to preach, and to say, Repent: for the kingdom of heaven is at hand.â€*
Gospel of Matthew, chapter 4, verse 17.

*â€œAfter two days will he revive us: in the third day he will raise us up, and we shall live in his sight.â€*
Hosea, chapter 6, verse 2.

*â€œBut, beloved, be not ignorant of this one thing, that one day is with the Lord as a thousand years, and a thousand years as one day.â€*
Second Peter, chapter 3, verse 8.

*â€œknowing this first, that there shall come in the last days scoffers, walking after their own lusts, and saying, Where is the promise of his coming? for since the fathers fell asleep, all things continue as they were from the beginning of the creation.â€*
Second Peter, chapter 3, verse 3 to 4.

*â€œFor when they shall say, Peace and safety; then sudden destruction cometh upon them, as travail upon a woman with child; and they shall not escape.â€*
First Thessalonians chapter 5, verse 3.

*â€œFor the Lord himself shall descend from heaven with a shout, with the voice of the archangel, and with the trump of God: and the dead in Christ shall rise first: then we which are alive and remain shall be caught up together with them in the clouds, to meet the Lord in the air: and so shall we ever be with the Lord.â€*
First Thessalonians, chapter 4, verse 16 to 17.

*â€œin a moment, in the twinkling of an eye, at the last trump: for the trumpet shall sound, and the dead shall be raised incorruptible, and we shall be changed.â€*
First Corinthians, chapter 15, verse 52.

*â€œI tell you, in that night there shall be two men in one bed; the one shall be taken, and the other shall be left. Two women shall be grinding together; the one shall be taken, and the other left. Two men shall be in the field; the one shall be taken, and the other left.â€*
Gospel of Luke, chapter 17, verse 34 to 36.
........................................................"
@kateleblanc604,What a great human.We need thousands more like him.
@user-ru4sn2sf4m,Democrat ğŸ˜‚ğŸ˜‚ğŸ˜‚ awards
@debbieescobar6267,"I am so sorry, and I love animals. But the others are doing work that is so much more important."
@Blt-rr2lm,Three morbidly obese women and some guys. Iâ€™m shocked that a woman of colour didnâ€™t win.
@bibit3856,We need more of all this kindness in the world and in our lives
@JTcomments,What happens next year ;-).  Some number one hero keeps the award money to themselves..?
@user-vs1rm9ph9r,"á€áŸ’ášá»á˜á–á½á€á¢á¶áŸá—á¶ááŸ„á€á‘á¶á” ášá”áŸáŸ‹ American áœá¶á”á‰áŸ’á‡á¶á”áŸ’ášá‡á‡á“
á¢áŸ„á™áŸáŸ’áŠáŸ„áŸ‡á‘á¹á€á˜á¶ááŸ‹á–áŸá›ááŸ’á‰á»áŸ†á‡á·áŸ‡
á‘áŸ…áá¶á˜á€áá¶ ášá™áŸˆá–áŸá› á‡á¶á„ 2 ááŸ’á„áŸƒ á á¾á™ á˜á»á“á“áŸáŸ‡á”á“áŸ’áá·á… police á…ášá¶á…ášááŸ 
á”áŸ’ášá‘áŸáŸááŸ’á‰á»áŸ† á„á¶á€á€áŸ’ášáŸ„á™ áŸáŸ’áŠáŸ„áŸ‡á‘á¹á€á˜á¶ááŸ‹áŠá¶á€áŸ‹ááŸ’á‰á»áŸ† á”áŸ’ášá¶á”áŸ‹á”áŸ’ášá‡á¶á‡á“ áŸáŸ’áŠáŸ„áŸ‡ á‘á¹á€á˜á¶ááŸ‹ áŠá¶á€áŸ‹ á–á½á€á¢á¶á†áŸ’á€áŸ‚ ááŸ„á€á‘á¶á”á¢áŸáŸ‹áœá·á‰ 
á–áŸ’ášáŸ„áŸ‡áœá¶ááŸ„á€á‘á¶á” áœá¶áŠá¹á€á“á¶áŸ†á›á¾á€áŸ†á›á¶áŸ†á„áŸáŸ’ášá¸ á–á½á€á¢á¶á˜áŸáŠá¹á€á“á¶áŸ† á…áŸ„á˜áŸ’áŸáŸ€á á¢áŸáŸ‹á“áŸáŸ‡
áœá¶á”á‰áŸ’á‡á¶á”á ášá‡á¶á‡á“á”á¶á“ áœá¶á”á‰áŸ’á‡á¶ á˜á·á“
á¢áŸ„á™á’áŸ’áœá¾á“áŸáŸ‡ á’áŸ’áœá¾ á“áŸ„áŸ‡ á•áŸ’á€á¶á™ášáá” á€áŸ’ášáŸ„á˜ á€á¶ášáŠá¹á€á“á¶áŸ† ášá”áŸáŸ‹á–á½á€ á¢á¶á†áŸ’á€áŸ‚ááŸ„á€á‘á¶á” á¢áŸáŸ‹á“áŸáŸ‡ á€á¢áŸ„á™áœá¶á”áŸ’ášá á»áºá‡á¶á˜á½á™ á˜á“á»áŸáŸ’áŸá‡á¶áá·á–áŸá€ á†áŸ’á€áŸ‚áŸáŸ’ášá½á› á”á„áŸ’á€áŸ’ášá¶á” á–á½á€á¢á¶ááŸ„á€á‘á¶á”á¢áŸáŸ‹á“áŸáŸ‡ á˜á·á“ á„á¶á™á‘áŸ áœá¶á›á½á… á”á‰áŸ’á‡á¶á”áŸ’ášá‡á¶á‡á“ ášá á¼á á–á½á€á¢á¶á†áŸ’á€áŸ‚ á…áŸ’ášá¶áŸáŸ‹ á”á¶á™áŸáŸ’ášá¸ áá¹á„ášá¹á„á‡á¶á˜á½á™ á–á½á€áœá¶á”á“áŸ’áá·á… áœá¶á˜á·á“ á‚áŸ’ášá¶á“áŸ‹á‡á¶á˜á“á»áŸáŸ’áŸá‘áŸ áœá¶á˜á·á“á˜áŸ‚á“ á”áŸ’ášá‘áŸáŸ American á‘áŸ 
ášá¿á„á¢áŸ’áœá¸ááŸ’ášá¼áœá™á›áŸ‹á˜á»áá–á½á€á¢á¶á†áŸ’á€áŸ‚á¢ááŸ‹á”áŸ’ášá™áŸ„á‡á“áŸ á¢áŸáŸ‹á“áŸáŸ‡ á áŸ…á–á½á€áœá¶á˜á€á‘á‘á½á› á‘ááŸ’áŒá€á˜áŸ’á˜ ášáºá€áŸ áá¶á˜á…á¶á”áŸ‹ á–á½á€á¢á¶ á§á€áŸ’ášá·áŠáŸ’á‹á€á˜áŸ’á˜ áŸá„áŸ’á‚áŸ’ášá¶á˜  ( áœá¶á“á·á™á¶á™áá¶á˜á•áŸ’á€á¶á™ášáá” á¢áŸ„á™á”áŸ’ášá‡á¶á‡á“ ááŸ’á‰á»áŸ† á’áŸ’áœá¾á“áŸáŸ‡ á’áŸ’áœá¾á“áŸ„áŸ‡ áŸáŸ’áŠáŸ„áŸ‡á‘á¹á€á˜á¶ááŸ‹ á‡á¶á–á·áŸáŸáŸ á–áŸá›ášá€áŸá»á¸ áœá¶ááŸ†áá¶á„ ášáŠáŸ’á‹áŸá—á¶ American )"
@dreamslammer1,"Amazing,  we need more good people like himâ¤"
@johnhabel8164,WOW! Talk about a TRUE HERO!
@cindy6787,He literally has his boots on the ground and offers his compassion and expertise to those in need. To divide the grant is the best way to make sure all of those people keep helping humanity in a positive way.
@danielomane6729,"SATAN(ALSO KNOWN AS LUCIFER OR THE DEVIL) IS EXPOSED!!!!! Hell was created for Satan and his fallen Angels(Matthew 25:41 AND 2Peter 2:4).Satan and his fallen Angels fought Godâ€™s angels to overthrow God but were defeated and were thus thrown out of heaven to the earth(Isaiah14:12-14 AND Revelation 12:7-10).Satan and his fallen Angels will be thrown into hell to be tormented 24/7 for ever and ever(Revelation 20:10 AND Jude 1:7).Satan and his fallen Angels want you to join them suffer in hell even though you were not part of the coup makers(Revelations 20:10-15).Satan, and for that matter his fallen Angels stand condemned by God and hence do not have any chance of repentance(John 16:11).Fortunately, you and I have up to minutes before our death to repent just like the criminal on the right side of Jesus on the cross (Luke 23:39-43) WHY NOT REPENT NOW AND GIVE YOUR LIFE TO JESUS? Since you donâ€™t know how and when you will die, my brother or sister, THE TIME TO REPENT IS NOW AND GIVE YOUR LIFE TO JESUS!!!"
@emillion4470,A Texas couple spent $59 million for their wedding day. A homeless American  who hasn't eaten for 2 days shares most his sandwich with his pet. Think about it.
@kaydevault1675,"Well Done , I   Tip My Hat to that Gentlemen. Beautiful â¤"
@user-ro8cb6og7i,"""Until one has loved an animal, a part of one's soul remains unawakened."" Anatole France"
@suzannegagne8692,What a noble man.
@careerconversations9275,Please run for president!
@domytube,"What a selfless, thoughtful human being. ğŸ«¶ğŸ½"
@Cilantrchef,OMG! To share the prize money with ALL of them.  That is what it means to be gracious.
@florindinut-zc2nn,"great for inviting me CNN ! 
erstwhile merely-removing the same in Shorts ... it was touchy !
now , a fine surprise ! thanks CNN !
America , FIRST ğŸ’”/first - AMERICA â¤ 
Absolutely !"
@AmyBarbera,This is so wonderful that he Won CNN Hero of the Year! His  speech was so touching too ğŸ’—ğŸ˜Š
@kellyalonzi2917,This man is a gem. Beautiful acceptance speech. In tears.
@emsmcl5137,"Such a wonderful person, I voted for you everyday. Iâ€™m really glad you won. You deserve that recognition. And to all the other nominees as well, you guys have a heart of gold. Keep doing what youâ€™re doingâ¤ï¸"
@constancebreese4253,Makes me  feel proud to be a veterinarian.
@donnanancekivell9430,Wonderfulâ€¦â€¦..Donna in Toronto
@elnorteno5703,Hunter will be very upset.
@GrannysGarage333,Wowâ€¦ he makes me want to be a better personâ€¦ they all doâ€¦
@QuantumOfSolace1,Who???  Who are these people??  Never heard of them.  Cnn creating stories for their failing network.  Veterinarian?? - yeah we need that - not a cure for cancer!
@johndowner2196,"I lost it when he talked about the homeless man, who hadn't eaten for two days, gave most of his sandwich to his dogğŸ˜¢
Watching online where the next item was Elon Musk talking about making more money. ğŸ¥´"
@1phildefer323,"Dans un monde et des sociÃ©tÃ©s trÃ¨s durs....c'est un ""bon"" hÃ©ros      BRAVO     (de France)"
@junitaflowers,"Wow, wow, wow! Soooo beautiful and inspiring."
@musicsavedme,"Wow! What a great man. As a animal lover, the fact that a veterinarian was chosen makes my heart happy. And that story he told about the man experiencing homelessness making sure his dog had good even when he didn't definitely made me cry."
@sabrinalastname9719,"If you care about humanity and kindness, care about the horrific conditions children in Gaza are forced to live in now. WCNSF, the acronym that shouldn't exist, amputations on children without anesthesia, drinking sewage water because there is no clean water. The only people that can do anything about this manmade crisis are Americans. Fix this!"
@jasoneaton9477,Isn't that rupaul's cousin??
@dr.n.,"Dr. Kwane Stewart exemplifies what it means to be kind, generous, and uplifting. My guess is he was born with the innate qualities of genuine servant leadership.
Congratulations to all the finalists heroes, and to CNN for supporting and promoting this annual event."
@judymacfayden755,"Wonderful, just wonderful.  What a great human being.  Thank you, CNN for bringing this to the world.  We all can learn much by what he said.  Wow!  Awesome!"
@Ron71997,"That's how you do it, no wonder he is one of the heroes honored....and to all the heroes. Thank you ! These are all amazing people."
@MP-gz9ju,"Isnâ€™t it such a shame that CNN DIDNâ€™T KNOW HOW *NOT TO GIVE A FASCIST A MICROPHONE*?  If CNN wants to stay relevant, solvent and able to award heroesâ€¦.it needs to stop interviewing people who tried violently to overthrow the United States government."
@SpayAndNeuterChristiansNow,"Wow.
This misanthrope is moved.
There are good people left on the planet?!
I had been convinced otherwise."
@roydimanalata8505,Good job you to make people smile.ğŸ˜‡ğŸ¤ â˜ï¸
@sooz9433,Wow! â¤â¤â¤
@cindyhurzeler3885,"When you're down on your luck and it seems like the world has abandoned you, sometimes it's the unwavering love of a dog that keeps you going. Taking care of pets is taking care of people. â¤"
@kpepperl319,I had a feeling this doctor was going to split his award evenly. That's why he's the hero of the year.
@sharonsolana,Such a good man.  God bless you!
@kevinoneill2170,3:08 The surprise announcement
@nicolaasstroebel6560,Anything off cnn is fake so bs
@m.b.88,Everything is a big fucking contestâ€¦
@thedemencha147,A TRUE HERO!! â¤â¤â¤â¤
@BrenQ99,Was that Dr. Oz in the audience??  Is he still aloud out in public??
@dwanderful1,Congratulations   thank you
@Unbound-Phoenix,"The little story he told about the guy, the sandwich and his dog moved me to tears- more so because it did the same for him.Instant empathetic understanding, all about heart and love: remember when that used to matter ? Thanks to him for that story and his work â¤"
@tammypearson4500,What a beautiful man.  â¤
@DianeLee-je7jm,Just imagine if we all took these words to heart and embodied them ğŸ”† what a world weâ€™d live in
@LyndaCollier-yb1rg,"Oh my, what a good person.  Thanh you  Dr. STEWART."
@user-lf2nt6sc8f,"For Trump ""he can't do that!"""
@susancoddington6393,Such an incredible human being
@pamelawooden6012,Remarkable â¤
@michaelj.4187,sending love and peace to everyone...
@cherylgrec9701,What a good man.
@MrCabimero,"Best acceptance speech I have ever heard. That man exudes kindness,humility and class. We should aspire to be more like him."
@G8AR,And that is the reason he is one of the yearâ€™s heroes.  Wouldnâ€™t the world be a great place if we all lived by those values?
@stephanies2239,"wow, that was a surprise to share his $300,000 with all the others. We need more selfless people like Dr. Stewart in the world."
@8ManFan,"Well, that's one way to reduce the tax hit (Kidding). Congratulations to the doctor and the other nominees."
@edvinkingston5912,WHAT A KIND AND BEAUTIFUL PERSON' SO WELL DESERVED ğŸ‘ CONGRATS ğŸ‘
@RAWouthere,"Donâ€™t worry about it, baby. Daddy is crying, too. We all are! â¤â¤â¤"
@suzannesavard1796,"Wow, what a  great man"
@user-is7js8ko1s,Smoove. He split the prize with all of his peers. Great leadership.
@josswoman4191,CNN and the sponsors have SCADS of money. They should make sure Project Street Vet still receives the original $100K.
@lyndamarshall5927,Congratulations
@kyllancarrington,"Not all Heroes wear Capes.
Dr. Kwane Stewart God was showing off when you were made.
Brilliant speech and so very generous to split the grant.
Kind deeds change Lives.  â¤â¤â¤â¤â¤â¤
Australia"
@eberlinschwinn5634,Wow. So nice to see good work celebrated.
@ArtDocHound,"Give a man a sandwich and he eats for a day.
Give the man the means to get his own sandwich!!"
@stevenwendellnelson5228,"""In the Name of GODâ€”the Most Compassionate, Most Merciful.
All praise is for GODâ€”Lord of all worlds,
the Most Compassionate, Most Merciful,
Master of the Day of Judgment.
You Ë¹aloneËº we worship and You Ë¹aloneËº we ask for help.
Guide us along the Straight Path,
the Path of those You have blessedâ€”not those You are displeased with, or those who are astray.
Amen."" ğŸ™ğŸ™ğŸ™ğŸ™ğŸ™ğŸ™

Please pray these words now, pray them as you read them if you cannot look and remember them ğŸ™"
@johnmurphy9688,Well done Lad.  What a great man with a big heart . ğŸ‘ğŸ‘
@blqeddie2946,"I follow him and his team on Instagram, truly inspiring and I'm not surprised that he shared his prize. I am so glad he won, and it was such and emotional speech"
@kellynolan5954,Class act.
@kevinryan4857,WOWğŸ§¡â—
@Coffeecup.0110,â¤â¤â¤â¤â¤amazing
@angel-vz7ii,The word to remember..... IMPACTFUL.
@PureNRG2,How uplifting in a time when the opposite sorts of people seem to get all the attention.
@lisastjohn2076,How wonderful a human ğŸ¥³ğŸ¥‚ğŸ™ğŸ½
@luanawheatley1501,A wonderful human being
@conniegrant939,"Agreed Dr.;  to be human means humanity, looking out for one another, helping one another. That IS DIVINE LOVE. â¤ï¸ congratulations, sir."
@karenjackson5989,This had me in tears last night. Such a wonderful human.â¤
@Socrates1973,Well this is stupid and irrelevant.
@user-de4hj4fc5j,"Dear Mr. Xi Jin Ping - President of China :      ( Báº£n dich cuá»‘i trang )
I am Bui Hieu Vo, a political prisoner under surveillance of Police  in District 7, Saigon - Vietnam. 
Just because I wrote a letter to prevent the construction of  oil refinery to Tran Duc Luong, Nguyen Tan Dung, Dinh La Thang... on the grounds that Vietnamese crude oil has a high pour point  (33 degrees Celsius), so if the oil is refined in Vietnam that is sure to suffer very heavy losses. So they stole all my land, created false evidence, sent me to prison, and tried every way to hunt me down.
 In prison, I invented 15 applied scientific inventions that could change the world 
1, Hydroelectric dams that do not release floods never break, even in earthquakes, unless the earth cracks at the dam body 
2, Breakwaters Dam to prevent coastal erosion
 3, Expand the island, build an airport and port on the island at a cost 10% and time 3 times faster than the method that China is doing today 
4, Stove  Burning waste completely without smoke, without odor, without using a exhaust  fan
and ....etc 

 Even when I was in prison and released from prison, I continued to send letters to Vietnam's Leaders  but the police stopped and terrorized me, and on November 30, 2022, they bombed me .
 I beg you to help me seek justice and save me from Vietnam as soon as possible. I will dedicate these scientific invention  to China. Because I'm afraid that if they kill me, these scientific discoveries will forever lie dormant and the disaster for the world will be very serious. 
I hope you will send a scientific council to meet me. I pledge that no one can refute


KÃ­nh gá»­i Ã´ng : Táº­p Cáº­n BÃ¬nh :
TÃ´i lÃ  BÃ¹i Hiáº¿u VÃµ tÃ¹ chÃ­nh trá»‹ Ä‘ang bá»‹ quáº£n cháº¿ táº¡i Q7,SÃ i GÃ²n - VN . Chá»‰ vÃ¬ tÃ´i Ä‘Ã£ viáº¿t thÆ° ngÄƒn cáº£n xÃ¢y nhÃ  mÃ¡y Lá»c dáº§u cho Tráº§n Äá»©c LÆ°Æ¡ng , Nguyá»…n Táº¥n DÅ©ng , Äinh La  ThÄƒng ...vá»›i lÃ½ do lÃ  dáº§u thÃ´ VN cÃ³ nhiá»‡t Ä‘á»™ Ä‘Ã´ng Ä‘áº·c cao ( 33 Ä‘á»™ C ) nÃªn   náº¿u lá»c dáº§u VN lÃ  cáº§m cháº¯c lá»— ráº¥t náº·ng . Tháº¿ lÃ  chÃºng nÃ³ cÆ°á»›p háº¿t Ä‘áº¥t cá»§a tÃ´i vÃ  táº¡o  báº±ng chá»©ng giáº£ báº¯t tÃ´i Ä‘i tÃ¹ rá»“i   tÃ¬m Ä‘á»§ má»i cÃ¡ch truy sÃ¡t  tÃ´i .
Trong tÃ¹ tÃ´i Ä‘Ã£ phÃ¡t minh ra 15 phÃ¡t minh khoa há»c á»©ng dá»¥ng cÃ³ thá»ƒ thay Ä‘á»•i cáº£ tháº¿ giá»›i 
1, Äáº­p thá»§y Ä‘iá»‡n khÃ´ng xáº£ lÅ©  khÃ´ng bao giá» bá»‹ vá»¡ ká»ƒ cáº£ Ä‘á»™ng Ä‘áº¥t ,trá»« khi trÃ¡i Ä‘áº¥t ná»©t ra táº¡i thÃ¢n Ä‘áº­p 
2, ÄÃª cháº¯n sÃ³ng chá»‘ng sáº¡t lá»Ÿ bá» biá»ƒn
3, Má»Ÿ rá»™ng  Ä‘áº£o , lÃ m cáº£ sÃ¢n bay vÃ  báº¿n cáº£ng trÃªn Ä‘áº£o vá»›i giÃ¡ tiá»n báº±ng 10/% vÃ  thá»i gian nhanh gáº¥p 3 láº§n so vá»›i phÆ°Æ¡ng phÃ¡p mÃ  TQ Ä‘ang lÃ m hiÃªn nay 
4, LÃ² Ä‘á»‘t rÃ¡c tháº£i  chÃ¡y toÃ n pháº§n  khÃ´ng khÃ³i , khÃ´ng mÃ¹i , khÃ´ng  cáº§n dÃ¹ng quáº¡t khÃ²
5, KÃ¨ chá»‘ng sáº¡t lá»Ÿ bá» sÃ´ng káº¿t há»£p Ä‘Æ°á»ng giao thÃ´ng vÃ  cáº§u cáº£ng cho váº­n táº£i thá»§y ná»™i Ä‘á»‹a 
VÃ  ráº¥t nhiá»u phÃ¡t minh khÃ¡c cÃ³ thá»ƒ á»©ng dá»¥ng ráº¥t hiá»‡u quáº£ 
Ngay khi cÃ²n á»Ÿ trong tÃ¹  vÃ  ra tÃ¹ tÃ´i váº«n tiáº¿p tá»¥c gá»­i thÆ° cho bá»™ CT cá»§a VN nhÆ°ng Ä‘Ã£ bá»‹ bá»n CA ngÄƒn cháº·n , khá»§ng bá»‘ vÃ  ngÃ y  30/11/2022 chÃºng nÃ³ Ä‘Ã¡nh bom thÆ° Ä‘á»ƒ  sÃ¡t háº¡i tÃ´i 
VÃ¬ váº­y tÃ´i cáº§u xin Ã´ng hÃ£y giÃºp tÃ´i Ä‘Ã²i cÃ´ng lÃ½ vÃ  cá»©u  tÃ´i thoÃ¡t  khá»i VN cÃ ng sá»›m cÃ ng tá»‘t .TÃ´i sáº½ cá»‘ng hiáº¿n cÃ¡c phÃ¡t minh khoa há»c nÃ y cho TQ .  Bá»Ÿi vÃ¬ tÃ´i sá»£ chÃºng nÃ³ giáº¿t tÃ´i thÃ¬ nhá»¯ng phÃ¡t minh khoa há»c nÃ y sáº½ vÄ©nh viá»…n ngá»§ yÃªn vÃ  tháº£m há»a Ä‘á»‘i vá»›i tháº¿ giá»›i sáº½  ráº¥t nghiÃªm trá»ng 
TÃ´i mong Ã´ng hÃ£y cá»­ 1 há»™i Ä‘á»“ng khoa há»c gáº·p tÃ´i . TÃ´i cam káº¿t khÃ´ng ai cÃ³ thá»ƒ pháº£n biá»‡n Ä‘Æ°á»£c 

                                                                                            



------
YÃªu cáº§u Ä‘/c Táº­p Cáº­n BÃ¬nh cho báº¯t ngay bÄƒng Ä‘áº£ng Mafia Ä‘á» Ä‘áº¡o Ä‘á»©c HCM cá»§a Nguyá»…n Táº¥n DÅ©ng  , Nguyá»…n XuÃ¢n PhÃºc , Pháº¡m Minh ChÃ­nh , Nguyá»…n Sinh HÃ¹ng , Tráº§n Äá»©c LÆ°Æ¡ng , LÃª Thanh Háº£i vÃ  ráº¥t nhiá»u lÃ¢u la khÃ¡c Ä‘á»ƒ thu há»“i tÃ i sáº£n cho VN vÃ  tráº£ ná»£ cho TQ    . TÃ´i Ä‘ang bá»‹ bá»n Mafia Ä‘á» Ä‘áº¡o Ä‘á»©c HCM truy sÃ¡t nÃªn tÃ´i sáºµn sÃ ng cá»‘ng hiáº¿n táº¥t cáº£ cÃ¡c phÃ¡t minh khoa há»c cho TQ náº¿u Ã´ng giÃºp tÃ´i Ä‘Ã²i cÃ´ng lÃ½ vÃ   thoÃ¡t khá»i VN 
 
       Thanh NhÃ n sÃ¡nh bÆ°á»›c  Quá»³nh VÃ¢n 
    Kim NgÃ¢n Ä‘i  vá»›i Ä‘Ã n em Thanh TrÃ  
    HoÃ ng Thá»‹ ThÃºy Lan cháº³ng Ä‘Ã¢u xa 
    NghiÃªm ThÃ¹y Trang Ä‘Ã³ cÅ©ng lÃ  chá»‹ em 
     Tháº±ng sÃ¹i bá»t mÃ©p  trÃªn giÆ°á»ng 
     Äá»©a  tuá»™t dÃ¢y xÃ­ch tá»« trÃªn láº§u 10 
     Sung sÆ°á»›ng chá»‰ máº¥y giÃ¢y thÃ´i 
     Tháº¿ gian nguyá»n rá»§a ngÃ n Ä‘á»i khÃ´ng no 
     Em nÃ o lÃ² cÅ©ng ráº¥t to 
     NhÆ°ng cá»§i BÃ¡c Cáº£ váº«n thÃ² khÃ´ng vÃ´

--
LÃª Minh NghÄ©a con riÃªng cá»§a Kim NgÃ¢n vÃ  cÅ©ng lÃ  con nuÃ´i cá»§a Nguyá»…n  Minh Triáº¿t ká»ƒ vá»›i mÃ¬nh trong buá»“ng giam PA92  ( cÃ³ ghi Ã¢m ) lÃ  "" Ã´ng DÅ©ng bÃ¢y giá» chá»‰ táº­p trung vÃ o viá»‡c Ä‘Æ°a tháº±ng con Ãºt lÃªn thÃ´i . Ã”ng DÅ©ng ráº¥t tháº§n tÆ°á»£ng Ã´ng Triáº¿t nÃªn má»›i Ä‘áº·t tÃªn tháº±ng con Ãºt lÃ  Nguyá»…n  Minh Triáº¿t    ""
VÃ¬ váº­y táº¥t cáº£ tá»™i Ã¡c mÃ  3X gÃ¢y ra cho nhÃ¢n dÃ¢n VN Ä‘á»u cÃ³ sá»±  tham gia chá»‰ Ä‘áº¡o cá»§a Triáº¿t vÃ  Nguyá»…n Sinh HÃ¹ng, Tráº§n Äá»©c LÆ°Æ¡ng  . Chá»‰ máº¥y ngÃ y bÃº liáº¿m bÃªn xá»© sá»Ÿ hoa háº­u Venezuela mÃ  Triáº¿t Ä‘Ã£ chá»‰ Ä‘áº¡o 3X chuyá»ƒn  hÆ¡n 1,1 tá»· Ä‘Ã´ Má»¹ báº¥t cháº¥p Nguyá»…n PhÃº Trá»ng khÃ´ng Ä‘á»“ng Ã½  

---
Cuá»‘i nÄƒm , HÄND cÃ¡c tá»‰nh Nam Bá»™ Ä‘ang há»p nhÆ°ng khÃ´ng má»™t ai dÃ¡m má»Ÿ má»“m pháº£n Ä‘á»‘i bÄƒng Ä‘áº£ng Niá»ƒng quÃ¡i thai /Pháº¡m Minh ChÃ­nh láº¥y 122 triá»‡u m3 cÃ¡t cá»§a ÄBSCL láº¥n biá»ƒn Cáº§n Giá» Ä‘á»ƒ bÃ¡n Ä‘áº¥t máº·c cho sáº¡t  lá»Ÿ háº¿t Miá»n TÃ¢y  vÃ  bÄƒm nÃ¡t rá»«ng ngáº­p máº·n .ChÃºng mÃ y  lÃ  1 lÅ© bÃ² Ä‘á» hÃ¨n nhÃ¡t, khÃ¡t mÃ¡u   chá»‰ biáº¿t á»©c hiáº¿p dÃ¢n lÃ nh lÃ  giá»i thÃ´i

--ntjtj"
@jeffreybroge9002,"I watched the show last night and it was very moving, all the recipients were so driven in the fields they were involved with,  I have to say the big winner touched me the most in helping the homeless insure that there pets were healthy and happy and insuring there owners had the one thing they loved most by there side and healthy    God Bless you All"
@pyrplebutterfly,This is the best award show on TV right now.....these people literally change lives.â¤â¤â¤
@cometoislam6352,America Israel murdabad
@VernMathis,"This is why they are called Heroâ€™s, and the interesting part about is, anyone can be a HERO. Try it, you will see that you to can be a Hero tooâ€¦."
@valr852,"Wow amazing man,oooohhhh we need all of us to be more like him,he was meant to win that so we can learn once again,,so today go out and do a kind thing,Itâ€™s so true"
@faridashams8845,What is the cost
@butterflycannon2226,He absolutely deserves it! â¤
@suomynona4607,Why is the trophy a carton of cigarettes?
@BrandonCiCi,Beautiful! â¤
@ebrandt64,I needed to see that.  With all of the negativity and lack of empathy that we see itâ€™s important to remind ourselves of the unsung people who daily give of themselves to better others.  Thank you CNN
@youtube_Sucks_A,CNN Where liberals come to get their daily propaganda talking points.
@BillyrJordanx,CNN Hero of the Year
@AcousticOne,Now these are the folks that should run for Presidentâ€¦.. we would really have to think about our decision for once.
@hanssolos3699,how ironic daddy was presented this award by the most unkind person ..... yeah that gray gÃ¦yboi from shit and end (cnn)
@hanssolos3699,"a gesture of kindness â¤
but dont tell that to andy cooper after the evil thing he did to kathy griffin on live tv ğŸ˜‚ğŸ˜‚ğŸ˜‚ that gÃ¦y boy is mean and nasty!!!"
@ernestoybarra7333,"ğŸ—£ğŸ“¢ Great News 
Penn State president resigns; Rep Elise Stefanik vows Harvard and MIT next"
@user-er4vf5ju6p,"Humanitarian is the ""highest calling""  Congratulations"
@WeWander2,Vote for one out of the 10 that's kind of terrible
@bremencookie,Oh my- I didnâ€™t expect to cry.   What a beautiful human being!
@SafeInstinct,"I am full of admiration for Dr. Kwane Stewart, especially when I compare him to especially one of those who want to be the next president. Excuse me for getting into politics, but consider a difference in character traits, personality and amiability between a renegade TV star and Kwane Stewart"
@lindacollier593,What a kind & gracious man! He appears to be full of humility & love. Boy could we use more of that right now!!!
@MarinaHenpppoponjtrytoc,Very happy very proud
@frankwalters2239,A humanitarian to the bone.Thank you Sir for your life of kindness.
@lhrdana5203,God Bless him and ALL the HEROâ€™s they are amazing
@laura1195,"Wonderful words, obviously a great soul! Congratulations â¤"
@aneesackbarali5149,"Calling Dr. Stewart a hero is an understatement, this man is a superhero! God bless you and your family â¤ğŸ˜¢ğŸ™"
@paulagabrielmircao2689,ğŸ‘ğŸ‘ğŸ‘ğŸ‘
@marymorgan1498,Super person
@user-fi4pg5tu4e,CNN celebrates lower ratings
@susancoolidge7810,No one watched...television polls are still way down..
@rrosen7370,This is my yğŸ¾ğŸ¾ğŸ‘ğŸ»ğŸ‰
@tonynunez6539,Did Dana Bash vote for Benjamin Netanyahu? Just asking for a friend in Gaza.
@YouTubeSuxBallz,Taylor swift is your hero.  Cause you  have no taste.   Then the dementia fossil
@carlcorini6195,I wish people that profess Jesus  christ will be more like this man
@canadiangirl5119,Now there is a good humanâ€¦
@KCNwokoye,Truly well deserved. Congratulations to CNN for making good work famous not just talking about Trump and do nothing politicians. This was a breath of fresh air that was well needed.
@romequiamm851,"CNN should focus more on videos about jan 6,, and tax evasion case of hunter biden but no.. CNN is just a propaganda media"
@samudramanthan8645,"Thank you for your absolutely stunning bravery and majestic courage, as you robustly battle unprecedented adversity and sustained trauma! Your authenticity, that you embrace with such iconic audacity, is a testament to your empowered kindness and unconditional compassion, as you walk in your scintillating truth, while on your noble journey of incomparable ethics and immaculate integrity, selflessly (and unconditionally) re-aligning the world, according to your visionary utopian dream that we champion and celebrate with panoramic enthusiasm! Such Leftist wisdom! May the pageantry and majesty of Leftist ideology reign supreme! â¤â¤â¤No Justice, No Peace!"
@dhdblackcock6448,ğŸ‘ğŸ‘ğŸ‘ğŸ‘ğŸ‘ğŸ‘ğŸ‘ğŸ‘ğŸ‘ğŸ‘ğŸ‘
@fingerfeller,"i had no idea CNN did this event, didnt know it was on, didnt watch it and wow i feel like i missed out on a great hour or two of entertainment, but wow what an acceptance by the good doctor and i have always relied on CNN for my news since the first gulf war, bush senior for those who dont know ronald regeans VP saved Kuwait ( with many other countries help ) and CNN was the only 24 hours news source who didnt evacuate baghdad, bernard shaw and wolf blitzer were never the same, i watched them before the war began, on TV for news, bernard was even a host behind the desk, wolf was a field reporter , they were on their hotel rooftop filming and reporting when the war started the first shots were captured by CNN cameras , and CNN stayed broadcasting, fox may have became higher viewership over the years but CNN did what fox and nbc , cbs, abc wouldnt do ,STAY ON AIR , CNN created cable news, not fox"
@jeremiahjohnson7515,"#DrKawaneStewart That man deserves/needs a hug. And people cheered and clapped, but no one noticed. #empathy The real hero here, which is the point he was making, is about the man who fed his dog: that's sacrifice."
@karinalamontagne6366,What a great change for news. Kindness...so easy yet so difficult to find in all the hatred going around the media. Gives 1 second of hope.
@shapursasan9019,"""I'd like to thank the Academy!"""
@traceypace2010,So hap with Dr Stewart winning. I love following him and his work.
@happynappydrj5238,"If you want a hero, raise a hero. You are your childâ€™s first teacher. Consider the qualities you want your child to have as an adult and begin showing them that behavior. I am the proud parent of a US Marine so I know a bit about parenting . Dr Stewart is a wonderful human being and I am sure that he was raised well ( or with home training as we say in the south).  I donâ€™t know the family, but I do know this: Dr Stewart is a reflection of his parents. Felicitations ! Bien fait!"
@sonnyca,Hero of the year ğŸ˜‚
@lynnmanson2387,"Wow, loser CNN doing something good and positive for once.  Maybe all those rotten people involved with this evil network, should take to heart what he said. But we know they canâ€™t, or wonâ€™t.  Their egos wonâ€™t allow it."
@elingles2854,"AMERICA !! Ask yourself WHY ? 1 in 3 Black People is voting Trump. 1 in 2 Latinos and Latinas is voting Trump. As for the under 30 of all races demographic the pendulum has swung massively towards Trump. So single white women under 50 are very much Biden. Alas, now here is my question . Why is this demographic always the last always at everything ? Everybody else has vastly woken up, except the Madame of the Plantation !! Just watch how they love themselves on television. The uglier they are, the more prone they are to vote liberal."
@jjf609,Such a great program. Would love to see this award & Prince William's Earthshot collaborate
@camnsprencheria3225,What a lovely man! He radiates warmth!ğŸ‘ğŸ‘ğŸ‘ğŸ‘ğŸ‘ğŸ‘ğŸ‘ğŸ‘ğŸ‘
@lorengaffin4469,Heartwarming speech! My daughter is also a veterinarian and I will share this with her today.â¤â¤â¤
@asifiqbal9680,A channel where you can learn to be hypocrite and earn the degree for being an aâ€¢â€¢h***
@zachh5812,Wow.What a good dude.
@neiltristanyabut,that's gonna be a precedent
@BL-zt4es,A great leader indeed
@bermudagirl5039,It looks to me they made the perfect choice for Hero of the Year - bravo to you kind and most generous sir!
@user-iu7ec6je1g,Mygenes and dot and co and dot and nz.
@juliewick,"Wow. THIS was something special. Congratulations, Dr. Stewart, you truly are a hero. â¤"
@gracielaloughridge5054,"Well deserved award! We need more like him, and I know they are also many like him out there that deserve our thank you and respect."
@suwasit,What a beautiful soul & kind hearted man. You moved me & inspired me to be a better person.
@KINGSOFGOD-ob2dt,Biden helped the country by bringing millions of immigrants here because he was looking out like a soldier and he's not even embarrassed so he's the real hero. That's how president soldier secures the country by surrounding us with immigrants but he said it has to be done during pandemics because thats how you creat panic getting many here. The vice president is needs to have some embarrassment and strongly address her black people for the the thousands of crimes they are committing and it has to be her because she's the highest black person in the presidency but she says nothing. No disrespect but I'd be to black right now so i know she's embarrassed of being black. I love black people i truly do by I just don't want to see them in cages or not allowed to in store anymore. Let's hope and pray gods king and prophet can not make what i see coming ever happen but I am trying and I've been for a few years but nobody helps me ğŸ’§ Leo gave me the stupidest excuse one time why important black people can't speak up against black people committing crimes and used the constitution to worm around it. Every black person is going to want to speak up when their not allowed in stores anymore but why now ill say ?
@superperformance,"I believe in helping people and doing good deeds with my own hands, not through any UN or charitable organizations."
@colinanderson5860,"As with all recent CNN content, the audio is 20 dB too low..."
@user-vt5kw3iq1n,Yes to kindness ! Bravo ğŸ‰!
@irisrose8361,STOP THE GENOCIDE IN GAZA âœŒğŸ‡µğŸ‡¸
@jamesl9371,Great idea ğŸ’¡
@skyrider4789,"GOP could learn a LOT from this man...
I won't hold my breath, but one can hope."
@sierrarmcclain,I love that the other top ten finalists were high fiving him. How wholesome!
@joeyzbf2,"The real CNN hero award of 2023 goes toâ€¦.

ğŸš¨ CNN Producer, parent and child groomer, John Griffin pleads guiltu, gets over 19.5 years prison sentence, to avoid LIFE in prison, for child molestation of 9 year old girl. 

ğŸš¨ CNN Producer John Griffin, women and child groomer, also suggested a â€œvirtual training sessionâ€ that would include him instructing a mother and her 14-year-old daughter to remove their clothing and touch each other in trans/lesbian activities."
@arranadams2776,Certainly demonstrates amazing qualities
@chandwick,An amazing human being.
@j9670,â¤ï¸â¤ï¸â¤ï¸
@blessedfire365xgf,God help us all prayers for everyone
@71donkrider,Dammit Iâ€™m gonna buy a homeless person a sandwich tomorrow! This makes me wanna be a bit better than the piece of  ğŸ’© that I was before watching this speechğŸ˜Š
@lynndimit7865,Kindness and hope restored!! Congrats to all!! â¤â¤â¤
@GG-kt2uk,"What we need to see right now is people making a difference, good character and integrity. ğŸ™â™¥ï¸âœ¨"
@milnez,"The context of Bible quotes is ancient goat herders with very little scienceâ€¦ hence the pro slavery and the brutality, not to mention the contradictions rode throughout ğŸ˜‚"
@mannyvalencia6418,What an amazing speech and Human Being!!! ğŸ™ğŸ»ğŸ™ğŸ»ğŸ™ğŸ»ğŸ¥ºğŸ¥º
@poboy942,Cnn hero of the year lol what do you have to do to win that award paint your house like the chinese communist flag?   Other than that democrats and hero doesnt belong in the same sentence
@Vince_F,ğŸ‘ğŸ½ğŸ‘ğŸ½ğŸ‘ğŸ½ğŸ‘ğŸ½ğŸ‘ğŸ½â€¼ï¸
@American-In-Mykolaiv,"Thank you, there are good humans!!!  I needed to hear this, brought tears to my eyes.  The part of the story where the man feeds his dog is pretty standard for people who love animals."
@user-ey6ce3tb2j,united states is a very sick country
@jonnytang9949,Great!!! ğŸ‘ğŸ‘ğŸ‘ğŸ‘
@BIGBADMOF,Thank you all for your service ğŸ«¡ğŸ«¡ğŸ«¡
@user-jb7ji8tn1s,What a wonderful Human!
@kukuipupule4415,Where is Dylan Mulvaney?
@user-ex6pn4vx6q,"I love this guy. I hear a lot about homeless people, but not animalsğŸ˜¢"
@damondbarbee,Finally honest click bait.
@Tikboy-pu7iz,Kindness in any form is all we need.. â¤â¤
@crystalzepeda3553,God Bless you Dr. Stewart.
@reillyyugehands481,Like 10K means anything to these ppl.
@Coka21310,Itâ€™s so heartwarming speech Dr. S and what a beautiful and Generous person he is..God bless â¤
@SocialismSucks,"A CNN hero, thatâ€™s 100% pedo commie Nazi traitor statusğŸ˜‚"
@user-sf3pv4td1l,"Native Americans are your every year award winners ğŸ†. You live on their  land, they look like foreigners in America, their hearts are broken, they somehow don't exist for you ...   America is a country that belongs to native Americans, whatever bosses (Native Americans) decide to do ... If i where them i'd let only those who have souls/hearts = human beings stay in their country ..."
@seaninness334,Congratulations Dr. Stewart and all the nominees.
@Rebecca0010,I love that heâ€™s sharing the gift. â¤â¤â¤
@TheBioExplorer,"Thank you for something positive CNN.... I'm so tired of all the hateful rhetoric; yelling; screaming; lying; threats, etc. seen on other channels.  Yes, there is negative news in the world and it is important that it is reported... but all the rest of the nastiness and extra drama seen on certain channels is just unnecessary and damaging to our society. #MakeAmericaCivilAgain"
@tanamalkawi4094,ğŸ’–ğŸ’–ğŸ’–ğŸ’–ğŸ’–ğŸ’–ğŸ’–ğŸ’–
@Charlene1970,Who is cutting those onions again? â¤ï¸
@jdemartini9807,Can you imagine who the right wing media would have nominated and selected.
@rockandfkingroll7464,"This my friends, is what the opposite of Trump and company be. A profound 180. Why the divide cannot be fixed."
@CTforshort,Amazing human. â¤
@a.wilcox5690,"What a good, good man.  We need a president like him.   Someone with a strong sense of humanity."
@prasannasurange,Oh boy....that's a speech
@jeffhampton2767,The hero of the year should be President Trump since that's all CNN ever talks about! ğŸ¤”
@enriquesaez1996,Very spontaneous and improvised speech
@alanpowell24,What a GREAT human beingâ€¦â€¦â€¦
@josephsonora3787,"ALERT!!! ""Diktaytor"" biden goes behind the backs of Congress to sell 106 Miillion in Armament to lsreal to continue the carnage! Smh"
@jackmehoff6302,Vin diesel???
@mjtala,I cried through much of the program. These people all exemplify what is best in people.
@enckidoofalling2883,I nominate all my cnaâ€™s.
@wolfman8449,Vin Diesel values family.
@andrewerickson6089,One straight-up dude.
@dee1955,WOW! So well deserving.
@benjaminnavarro4324,What a great man!!!!!!!!
@mikeflagg6326,Inspiring speech.  Well worth reposting to friends and family.  Thanks.
@ClownWorldOrder,Aren't animals supposed to be homeless?
@stephanienoe9854,Well deserved Dr Kwane. Kudos for all you do!
@plantmomma77,What a good man... he totally deserves it!
@jesuszubizarreta,â¤â¤â¤â¤â¤â¤â¤
@Dan-ud8hz,"â€œA manâ€™s character is most evident by how he treats those who are not in a position either to retaliate or reciprocate.â€

â€• Paul Eldridge"
@ukroNazisStartedTheWarNov.2013,oh oh
@user-no7wt2dr6s,Does anyone watch C(unt) News anymore
@Emmathelady,"I have a feeling that Kai Shappley will be recognized with this award one day.

https://youtu.be/euTsHmasdsA?si=K-Iub9ly0lt0Qqkt"
@rainstarr1,Beautiful speech
@gracielasaenz9300,Together. We are  BetterğŸ™ğŸ«€ğŸ¡ğŸŒğŸ’œ
@larrybradford2032,Kim Jung Un send congratulations
@babysunn2,BRAVO ! ğŸ‘ğŸ½ğŸ‘ğŸ½ğŸ‘ğŸ½ğŸ‘ğŸ½ğŸ‘ğŸ½ğŸ‘ğŸ½ğŸ‘ğŸ½ğŸ‘ğŸ½ğŸ‘ğŸ½ğŸ‘ğŸ½
@Christlikelife459,"CNN, the worst mainstream media in the whole world. It just a matter of time CNN will cease to exist."
@waltwenzel9549,They gave the award to the right guy.
@LeftofTube,Pet vet Hero over humanity heroğŸ˜” Meanwhile the US government is financially and militarily supporting a genocide in Gaza https://youtu.be/WceHxY1FwHk?feature=shared
@carolesmith9235,That made MY day. Thank You.
@BCABPP,Someone rich should step in and give him another 100K - BRAVO!
@Aroyaldmd,What a terrific person. This is what we all can  aspire too.
@tsipatos6532,"Vin Diesel lost some weight, but glad you won."
@dinsdaleseven1627,Wow.  What a great man.  Good job CNN.
@addiewilson332,"Wow! I didn't see the show, but just this clip really touched me! ğŸ’“"
@user-eq4bt8zr4t,True humanity at its most integral
@vonl4925,"That was an incredible acceptance speech, esp at the end about the man sharing his sandwich with his pet. I broke into tears instantly. ğŸ¥¹ğŸ˜­"
@jacquelyneyawa5800,I am so blessed watching him give his speech. An act of kindness can change a day. #BeKind
@aliveinheels4540,What a great chap
@nsofinibime3575,Good people still exist. There is hope for mankind â¤â¤â¤
@tomnohmy1273,"Imagine if he said, thx, im quitting and becoming a rockstar"
@cgrsworld,"Can you hear me screaming ""BRAVO!!"" ?? ğŸ‘ğŸ‘"
@ceyhunquliyev7865,"Russian Armed Forces are the biggest threat to the security of Europe, NATO and the World. If Ukraine is invaded, there will never be peace in Europe. In European countries, the situation will be the same as in Syria, Algeria, Yemen, Somalia, Bangladesh, Morocco, North Sudan, Kazakhstan, Niger, Iraq, Senegal and Turkmenistan. Citizens of these countries serve in the Russian Army. Ilham Aliyev, Nicolas Maduro and Serdar Berdimuhamedow supplies diesel and oil to the Russian army. Kaliningrad, Saint Petersburg, Minsk and Moscow is under the jurisdiction of the European Union and NATO. Killer Vladimir Putin is looking for an excuse to use nuclear weapons. If the Russian army is defeated, an atomic bomb will be dropped on Oslo, Paris, London, Rome, Lisbon, Kyiv, New York, Brussels, Toronto and Warsaw. If Kherson, Zaporizhzhia, Kaliningrad, Crimea, Donbas are attacked, the Russian army will launch Topol-M with a nuclear warhead. Kim Jong Un, Alexander Lukashenko, Xi Jinping, Ebrahim Raisi sends weapons and ammunition to Russia. Vladimir Putin wants to stop grain exports and make Europe economically dependent on him by attacking Donetsk, Odessa, Zaporizhzhia, Mykolaiv and Kherson ports with high-precision hypersonic missiles and kamikaze drones. â€œAll ships arriving at Ukrainian ports will be considered as military cargo ships and will be destroyed. For this, we started a military exercises in the Black Seaâ€, Ministry of Defence of the Russian Federation said. By order of Vladimir Putin, nuclear and chemical weapons were placed in Belarus. If Belarus is attacked, there will be a huge Hiroshima and Nagasaki tragedy in Europe"
@roxanaa.8048,Congratulations â¤ well deserved!!
@Blue0cean,Kindnessâ€¦ what the World needs Now and everyday ğŸ˜Š
@audenharper3014,what was the surprise announcement?
@debbieb4831,"What a beautiful and loving human being!  I am so honored to listen to your speech, I wish there were a lot more people like this gentleman.  Kindness goes a long way!â¤"
@currinsnipes9879,A man with a soul. Quite a contrast to so many of today's politicians out for only themselves.
@GotoHere,"The hero of the year is the judge that didnâ€™t let the biased swamp Feds, give criminal Hunter Biden the sweetheart hand slap deal."
@leyla.lala.,"In the war that started on October 7, 2023, thousands of peaceful Palestinians were killed as a result of the genocide and ethnic cleansing committed by the occupying Israeli Army. All Israeli citizens have the blood of innocent people on their hands. Hundreds of innocent Palestinians were arrested and tortured. The Israeli Prime Minister later admitted that the number of dead Israelis was small. Israeli Army should defend Europe in Ukraine instead of committing genocide. Israeli made weapons and ammunition should be sell to Ukraine, Moldova and Georgia. Because it is sell to Azerbaijan. Unfortunately, Israel does not contribute anything to the security of Europe. Israel is not a friend of Europe and The USA"
@NathanielKrefman,Wow. This guy for POTUS!
@sfl6307,DONATE TO ANIMAL SHELTERS
@user-mk7rm2ss9y,"what a joke , all far leftists , and rich communists ğŸ˜‚ğŸ˜‚"
@cperk1970,ğŸ‘ ğŸ‘ ğŸ‘ ğŸ‘ ğŸ‘ ğŸ˜¢ ğŸ‘
@TiboFPS,That should've been it from the beginning.
@rainbeauxunicorn5237,I wonder if CNN would allow him to split his award money like that.
@suzannerhinehart5845,Words can not explain what I saw tonight. Blessings to all the honorees.
@carmelitavaleriano5043,Congratulations!
@JimCastleberry,Why did a Democrat cop murder Ashley Babbit for no reason?
@dutch931,Of course the lib/woke CNN will give it to a black guy.
@mikem3789,"Sweetness Overload!! ğŸ˜Š It was almost too much to handle while trying to keep oneâ€™s composure, for him, the audience and the viewers. Sentimental and sweet. ğŸ‘ğŸ‘ğŸ‘"
@davidgasser8454,There are a lot of beautiful and inspiring souls all around us! Letâ€™s vote for them!
@maureen669,Animals are always better than humans.  ğŸ¥¹â¤ï¸
@xsrclose3207,And i believe you are an inspiration to making of many more heroes!
@andyroo9381,A generous man.  I'm teared up.
@ReWokesamuels,El God
@ReWokesamuels,Sasha Obama is my wife â¤ğŸ‰
@nobullman5853,Everyone wants to exist in the Light..only a fooL would want to dwell in the darkness..please quote me on that....I'm Listening...
@aljay2955,I am the poster child for the Democrat party.  If you're white so what get over it.
@KT3E,CNN sucks for life
@jlvandat69,"WOW......I am speechless. Huge congratulations to Dr. Stewart and all the finalists. Outstanding group. And thank you, CNN, for being a very positive force during these incredibly difficult times. ğŸ‘ğŸ‘ğŸ‘ğŸ‘ğŸ’ªğŸ’ªğŸ’ªğŸ’ªğŸ™ğŸ™ğŸ™ğŸ™"
@MPaulCezanne,"Puts the guy the GOP is running for president to shame really, doesnâ€™t it."
@rosannekatonwalden1620,WOW!!!!
@Genevieve3,God bless you Dr. Stewart. You are a real hero. ğŸ’™
@Matt_with_2Ts,"Wasn't he Darren Cross in Antman? He seems so much nicer than Yellow Jacket was in the movie......

Animated, though, he looks more like DC's Lex Luthor, but like a ""The Rocked-out"" version.

Regardless, what a kind, modest, and charitable gentleman!! Hoorah!!

#maga
#CNN+FOX-AON=MSNBC
#animals>humans"
@debrahange8209,ğŸ‘ğŸ‘ğŸ‘ğŸ‘ğŸ‘ğŸ‘ğŸ‘â¤
@ldefrene,What an amazing human being â¤
@DarthSailorMoo,He was born a hero.
@Th3Think3r,Great acceptance speech and great group of people.  This award and those people are worth celebrating.
@DT-qo5fx,When did Vin Diesel lose weight??ğŸ˜‚
@thegreatcatsby409,Bravo Dr Stewart ğŸ‘ğŸ¼ğŸ‘ğŸ¼ğŸ‘ğŸ¼ğŸ‘ğŸ¼ğŸ‘ğŸ¼
@Sharibaby80,Wow! Tears! Inspiration! They picked a real one â¤
@MajorAnthonyNelson,Want Proof we live in a Dem Banana Republic? James Biden did not show up for his congressional subpoena.  Steve Bannon was sentenced to 4 months for doing the same thing.  Hunter says heâ€™s not going either.  prove me wrong
@considerallthat3310,Wow . . .
@user-zr1qm6sy9q,"Antony Blinken and Joe Biden murdered 1,700,000 innocent Palestinian people. Your criminal history will be remembered by our Juju children like Nazi Hitler's history of crimes. I don't want to go on holiday to America, Suabongin, go on holiday, good countries like Spain, France, Argentina, Korea, China, Italy, Russia, Mexico... America, hell, drugs, homeless, money is only bought for weapons and military power"
@handsomestik,We have no border....and the networks can give a crap.
@telmagarcia4620,Criminales
@denisecrawford5289,Amen ğŸ˜‡
@chilibeans7772,Kindness and Humanity and Love are winning over the powers of evil. Go cry a river ğŸ˜‚
@letsgorandall9848,"Zero, not Hero's"
@lisacenteno4958,Well said ğŸ‘ğŸ‘ğŸ‘Thank you for your Kindness & Humanity â¤â¤
@cnnothingburgerletsgobrand6381,*To Receive Any Award From This JokeNetwork Is The Worst Scenario Imaginable.*
@Luke-qy8id,I didn't expect to start my day crying. What a beautiful human being! â¤
@user-tc6oj9gy3k,â¤
@user-tc6oj9gy3k,The answer it's in questions
@gordondwyer3641,CNN's biggest bullshtter of the year.
@CNN,Learn more about all of the CNN Heroes here https://www.cnn.com/world/heroes
@user-tc6oj9gy3k,Respect
